#,Nome,Tipo 1,Tipo 2,Total,HP,Ataque,Defesa,Ataque Especial,Defesa Especial,Velocidade,Geração,Lendário
1,Bulbasaur,Planta,Veneno,318,45,49,49,65,65,45,1,Falso
2,Ivysaur,Planta,Veneno,405,60,62,63,80,80,60,1,Falso
3,Venusaur,Planta,Veneno,525,80,82,83,100,100,80,1,Falso
3,VenusaurMega Venusaur,Planta,Veneno,625,80,100,123,122,120,80,1,Falso
4,Charmander,Fogo,,309,39,52,43,60,50,65,1,Falso
5,Charmeleon,Fogo,,405,58,64,58,80,65,80,1,Falso
6,Charizard,Fogo,Voador,534,78,84,78,109,85,100,1,Falso
6,CharizardMega Charizard X,Fogo,Dragão,634,78,130,111,130,85,100,1,Falso
6,CharizardMega Charizard Y,Fogo,Voador,634,78,104,78,159,115,100,1,Falso
7,5,Água,,314,44,48,65,50,64,43,1,Falso
8,Wartortle,Água,,405,59,63,80,65,80,58,1,Falso
9,Blastoise,Água,,530,79,83,100,85,105,78,1,Falso
9,BlastoiseMega Blastoise,Água,,630,79,103,120,135,115,78,1,Falso
10,Caterpie,Inseto,,195,45,30,35,20,20,45,1,Falso
11,Metapod,Inseto,,205,50,20,55,25,25,30,1,Falso
12,Butterfree,Inseto,Voador,395,60,45,50,90,80,70,1,Falso
13,Weedle,Inseto,Veneno,195,40,35,30,20,20,50,1,Falso
14,Kakuna,Inseto,Veneno,205,45,25,50,25,25,35,1,Falso
15,Beedrill,Inseto,Veneno,395,65,90,40,45,80,75,1,Falso
15,BeedrillMega Beedrill,Inseto,Veneno,495,65,150,40,15,80,145,1,Falso
16,Pidgey,Normal,Voador,251,40,45,40,35,35,56,1,Falso
17,Pidgeotto,Normal,Voador,349,63,60,55,50,50,71,1,Falso
18,Pidgeot,Normal,Voador,479,83,80,75,70,70,101,1,Falso
18,PidgeotMega Pidgeot,Normal,Voador,579,83,80,80,135,80,121,1,Falso
19,Rattata,Normal,,253,30,56,35,25,35,72,1,Falso
20,Raticate,Normal,,413,55,81,60,50,70,97,1,Falso
21,Spearow,Normal,Voador,262,40,60,30,31,31,70,1,Falso
22,Fearow,Normal,Voador,442,65,90,65,61,61,100,1,Falso
23,Ekans,Veneno,,288,35,60,44,40,54,55,1,Falso
24,Arbok,Veneno,,438,60,85,69,65,79,80,1,Falso
25,Pikachu,Elétrico,,320,35,55,40,50,50,90,1,Falso
26,Raichu,Elétrico,,485,60,90,55,90,80,110,1,Falso
27,Sandshrew,Terra,,300,50,75,85,20,30,40,1,Falso
28,Sandslash,Terra,,450,75,100,110,45,55,65,1,Falso
29,Nidoran♀,Veneno,,275,55,47,52,40,40,41,1,Falso
30,Nidorina,Veneno,,365,70,62,67,55,55,56,1,Falso
31,Nidoqueen,Veneno,Terra,505,90,92,87,75,85,76,1,Falso
32,Nidoran♂,Veneno,,273,46,57,40,40,40,50,1,Falso
33,Nidorino,Veneno,,365,61,72,57,55,55,65,1,Falso
34,Nidoking,Veneno,Terra,505,81,102,77,85,75,85,1,Falso
35,Clefairy,Fada,,323,70,45,48,60,65,35,1,Falso
36,Clefable,Fada,,483,95,70,73,95,90,60,1,Falso
37,Vulpix,Fogo,,299,38,41,40,50,65,65,1,Falso
38,Ninetales,Fogo,,505,73,76,75,81,100,100,1,Falso
39,Jigglypuff,Normal,Fada,270,115,45,20,45,25,20,1,Falso
40,Wigglytuff,Normal,Fada,435,140,70,45,85,50,45,1,Falso
41,Zubat,Veneno,Voador,245,40,45,35,30,40,55,1,Falso
42,Golbat,Veneno,Voador,455,75,80,70,65,75,90,1,Falso
43,Oddish,Planta,Veneno,320,45,50,55,75,65,30,1,Falso
44,Gloom,Planta,Veneno,395,60,65,70,85,75,40,1,Falso
45,Vileplume,Planta,Veneno,490,75,80,85,110,90,50,1,Falso
46,Paras,Inseto,Planta,285,35,70,55,45,55,25,1,Falso
47,Parasect,Inseto,Planta,405,60,95,80,60,80,30,1,Falso
48,Venonat,Inseto,Veneno,305,60,55,50,40,55,45,1,Falso
49,Venomoth,Inseto,Veneno,450,70,65,60,90,75,90,1,Falso
50,Diglett,Terra,,265,10,55,25,35,45,95,1,Falso
51,Dugtrio,Terra,,405,35,80,50,50,70,120,1,Falso
52,Meowth,Normal,,290,40,45,35,40,40,90,1,Falso
53,Persian,Normal,,440,65,70,60,65,65,115,1,Falso
54,Psyduck,Água,,320,50,52,48,65,50,55,1,Falso
55,Golduck,Água,,500,80,82,78,95,80,85,1,Falso
56,Mankey,Lutador,,305,40,80,35,35,45,70,1,Falso
57,Primeape,Lutador,,455,65,105,60,60,70,95,1,Falso
58,Growlithe,Fogo,,350,55,70,45,70,50,60,1,Falso
59,Arcanine,Fogo,,555,90,110,80,100,80,95,1,Falso
60,Poliwag,Água,,300,40,50,40,40,40,90,1,Falso
61,Poliwhirl,Água,,385,65,65,65,50,50,90,1,Falso
62,Poliwrath,Água,Lutador,510,90,95,95,70,90,70,1,Falso
63,Abra,Psíquico,,310,25,20,15,105,55,90,1,Falso
64,Kadabra,Psíquico,,400,40,35,30,120,70,105,1,Falso
65,Alakazam,Psíquico,,500,55,50,45,135,95,120,1,Falso
65,AlakazamMega Alakazam,Psíquico,,590,55,50,65,175,95,150,1,Falso
66,Machop,Lutador,,305,70,80,50,35,35,35,1,Falso
67,Machoke,Lutador,,405,80,100,70,50,60,45,1,Falso
68,Machamp,Lutador,,505,90,130,80,65,85,55,1,Falso
69,Bellsprout,Planta,Veneno,300,50,75,35,70,30,40,1,Falso
70,Weepinbell,Planta,Veneno,390,65,90,50,85,45,55,1,Falso
71,Victreebel,Planta,Veneno,490,80,105,65,100,70,70,1,Falso
72,Tentacool,Água,Veneno,335,40,40,35,50,100,70,1,Falso
73,Tentacruel,Água,Veneno,515,80,70,65,80,120,100,1,Falso
74,Geodude,Pedra,Terra,300,40,80,100,30,30,20,1,Falso
75,Graveler,Pedra,Terra,390,55,95,115,45,45,35,1,Falso
76,Golem,Pedra,Terra,495,80,120,130,55,65,45,1,Falso
77,Ponyta,Fogo,,410,50,85,55,65,65,90,1,Falso
78,Rapidash,Fogo,,500,65,100,70,80,80,105,1,Falso
79,Slowpoke,Água,Psíquico,315,90,65,65,40,40,15,1,Falso
80,Slowbro,Água,Psíquico,490,95,75,110,100,80,30,1,Falso
80,SlowbroMega Slowbro,Água,Psíquico,590,95,75,180,130,80,30,1,Falso
81,Magnemite,Elétrico,Aço,325,25,35,70,95,55,45,1,Falso
82,Magneton,Elétrico,Aço,465,50,60,95,120,70,70,1,Falso
83,Farfetch'd,Normal,Voador,352,52,65,55,58,62,60,1,Falso
84,Doduo,Normal,Voador,310,35,85,45,35,35,75,1,Falso
85,Dodrio,Normal,Voador,460,60,110,70,60,60,100,1,Falso
86,Seel,Água,,325,65,45,55,45,70,45,1,Falso
87,Dewgong,Água,Gelo,475,90,70,80,70,95,70,1,Falso
88,Grimer,Veneno,,325,80,80,50,40,50,25,1,Falso
89,Muk,Veneno,,500,105,105,75,65,100,50,1,Falso
90,Shellder,Água,,305,30,65,100,45,25,40,1,Falso
91,Cloyster,Água,Gelo,525,50,95,180,85,45,70,1,Falso
92,Gastly,Fantasma,Veneno,310,30,35,30,100,35,80,1,Falso
93,Haunter,Fantasma,Veneno,405,45,50,45,115,55,95,1,Falso
94,Gengar,Fantasma,Veneno,500,60,65,60,130,75,110,1,Falso
94,GengarMega Gengar,Fantasma,Veneno,600,60,65,80,170,95,130,1,Falso
95,Onix,Pedra,Terra,385,35,45,160,30,45,70,1,Falso
96,Drowzee,Psíquico,,328,60,48,45,43,90,42,1,Falso
97,Hypno,Psíquico,,483,85,73,70,73,115,67,1,Falso
98,Krabby,Água,,325,30,105,90,25,25,50,1,Falso
99,Kingler,Água,,475,55,130,115,50,50,75,1,Falso
100,Voltorb,Elétrico,,330,40,30,50,55,55,100,1,Falso
101,Electrode,Elétrico,,480,60,50,70,80,80,140,1,Falso
102,Exeggcute,Planta,Psíquico,325,60,40,80,60,45,40,1,Falso
103,Exeggutor,Planta,Psíquico,520,95,95,85,125,65,55,1,Falso
104,Cubone,Terra,,320,50,50,95,40,50,35,1,Falso
105,Marowak,Terra,,425,60,80,110,50,80,45,1,Falso
106,Hitmonlee,Lutador,,455,50,120,53,35,110,87,1,Falso
107,Hitmonchan,Lutador,,455,50,105,79,35,110,76,1,Falso
108,Lickitung,Normal,,385,90,55,75,60,75,30,1,Falso
109,Koffing,Veneno,,340,40,65,95,60,45,35,1,Falso
110,Weezing,Veneno,,490,65,90,120,85,70,60,1,Falso
111,Rhyhorn,Terra,Pedra,345,80,85,95,30,30,25,1,Falso
112,Rhydon,Terra,Pedra,485,105,130,120,45,45,40,1,Falso
113,Chansey,Normal,,450,250,5,5,35,105,50,1,Falso
114,Tangela,Planta,,435,65,55,115,100,40,60,1,Falso
115,Kangaskhan,Normal,,490,105,95,80,40,80,90,1,Falso
115,KangaskhanMega Kangaskhan,Normal,,590,105,125,100,60,100,100,1,Falso
116,Horsea,Água,,295,30,40,70,70,25,60,1,Falso
117,Seadra,Água,,440,55,65,95,95,45,85,1,Falso
118,Goldeen,Água,,320,45,67,60,35,50,63,1,Falso
119,Seaking,Água,,450,80,92,65,65,80,68,1,Falso
120,Staryu,Água,,340,30,45,55,70,55,85,1,Falso
121,Starmie,Água,Psíquico,520,60,75,85,100,85,115,1,Falso
122,Mr. Mime,Psíquico,Fada,460,40,45,65,100,120,90,1,Falso
123,Scyther,Inseto,Voador,500,70,110,80,55,80,105,1,Falso
124,Jynx,Gelo,Psíquico,455,65,50,35,115,95,95,1,Falso
125,Electabuzz,Elétrico,,490,65,83,57,95,85,105,1,Falso
126,Magmar,Fogo,,495,65,95,57,100,85,93,1,Falso
127,Pinsir,Inseto,,500,65,125,100,55,70,85,1,Falso
127,PinsirMega Pinsir,Inseto,Voador,600,65,155,120,65,90,105,1,Falso
128,Tauros,Normal,,490,75,100,95,40,70,110,1,Falso
129,Magikarp,Água,,200,20,10,55,15,20,80,1,Falso
130,Gyarados,Água,Voador,540,95,125,79,60,100,81,1,Falso
130,GyaradosMega Gyarados,Água,Sombrio,640,95,155,109,70,130,81,1,Falso
131,Lapras,Água,Gelo,535,130,85,80,85,95,60,1,Falso
132,Ditto,Normal,,288,48,48,48,48,48,48,1,Falso
133,Eevee,Normal,,325,55,55,50,45,65,55,1,Falso
134,Vaporeon,Água,,525,130,65,60,110,95,65,1,Falso
135,Jolteon,Elétrico,,525,65,65,60,110,95,130,1,Falso
136,Flareon,Fogo,,525,65,130,60,95,110,65,1,Falso
137,Porygon,Normal,,395,65,60,70,85,75,40,1,Falso
138,Omanyte,Pedra,Água,355,35,40,100,90,55,35,1,Falso
139,Omastar,Pedra,Água,495,70,60,125,115,70,55,1,Falso
140,Kabuto,Pedra,Água,355,30,80,90,55,45,55,1,Falso
141,Kabutops,Pedra,Água,495,60,115,105,65,70,80,1,Falso
142,Aerodactyl,Pedra,Voador,515,80,105,65,60,75,130,1,Falso
142,AerodactylMega Aerodactyl,Pedra,Voador,615,80,135,85,70,95,150,1,Falso
143,Snorlax,Normal,,540,160,110,65,65,110,30,1,Falso
144,Articuno,Gelo,Voador,580,90,85,100,95,125,85,1,Verdadeiro
145,Zapdos,Elétrico,Voador,580,90,90,85,125,90,100,1,Verdadeiro
146,Moltres,Fogo,Voador,580,90,100,90,125,85,90,1,Verdadeiro
147,Dratini,Dragão,,300,41,64,45,50,50,50,1,Falso
148,Dragonair,Dragão,,420,61,84,65,70,70,70,1,Falso
149,Dragonite,Dragão,Voador,600,91,134,95,100,100,80,1,Falso
150,Mewtwo,Psíquico,,680,106,110,90,154,90,130,1,Verdadeiro
150,MewtwoMega Mewtwo X,Psíquico,Lutador,780,106,190,100,154,100,130,1,Verdadeiro
150,MewtwoMega Mewtwo Y,Psíquico,,780,106,150,70,194,120,140,1,Verdadeiro
151,Mew,Psíquico,,600,100,100,100,100,100,100,1,Falso
152,Chikorita,Planta,,318,45,49,65,49,65,45,2,Falso
153,Bayleef,Planta,,405,60,62,80,63,80,60,2,Falso
154,Meganium,Planta,,525,80,82,100,83,100,80,2,Falso
155,Cyndaquil,Fogo,,309,39,52,43,60,50,65,2,Falso
156,Quilava,Fogo,,405,58,64,58,80,65,80,2,Falso
157,Typhlosion,Fogo,,534,78,84,78,109,85,100,2,Falso
158,Totodile,Água,,314,50,65,64,44,48,43,2,Falso
159,Croconaw,Água,,405,65,80,80,59,63,58,2,Falso
160,Feraligatr,Água,,530,85,105,100,79,83,78,2,Falso
161,Sentret,Normal,,215,35,46,34,35,45,20,2,Falso
162,Furret,Normal,,415,85,76,64,45,55,90,2,Falso
163,Hoothoot,Normal,Voador,262,60,30,30,36,56,50,2,Falso
164,Noctowl,Normal,Voador,442,100,50,50,76,96,70,2,Falso
165,Ledyba,Inseto,Voador,265,40,20,30,40,80,55,2,Falso
166,Ledian,Inseto,Voador,390,55,35,50,55,110,85,2,Falso
167,Spinarak,Inseto,Veneno,250,40,60,40,40,40,30,2,Falso
168,Ariados,Inseto,Veneno,390,70,90,70,60,60,40,2,Falso
169,Crobat,Veneno,Voador,535,85,90,80,70,80,130,2,Falso
170,Chinchou,Água,Elétrico,330,75,38,38,56,56,67,2,Falso
171,Lanturn,Água,Elétrico,460,125,58,58,76,76,67,2,Falso
172,Pichu,Elétrico,,205,20,40,15,35,35,60,2,Falso
173,Cleffa,Fada,,218,50,25,28,45,55,15,2,Falso
174,Igglybuff,Normal,Fada,210,90,30,15,40,20,15,2,Falso
175,Togepi,Fada,,245,35,20,65,40,65,20,2,Falso
176,Togetic,Fada,Voador,405,55,40,85,80,105,40,2,Falso
177,Natu,Psíquico,Voador,320,40,50,45,70,45,70,2,Falso
178,Xatu,Psíquico,Voador,470,65,75,70,95,70,95,2,Falso
179,Mareep,Elétrico,,280,55,40,40,65,45,35,2,Falso
180,Flaaffy,Elétrico,,365,70,55,55,80,60,45,2,Falso
181,Ampharos,Elétrico,,510,90,75,85,115,90,55,2,Falso
181,AmpharosMega Ampharos,Elétrico,Dragão,610,90,95,105,165,110,45,2,Falso
182,Bellossom,Planta,,490,75,80,95,90,100,50,2,Falso
183,Marill,Água,Fada,250,70,20,50,20,50,40,2,Falso
184,Azumarill,Água,Fada,420,100,50,80,60,80,50,2,Falso
185,Sudowoodo,Pedra,,410,70,100,115,30,65,30,2,Falso
186,Politoed,Água,,500,90,75,75,90,100,70,2,Falso
187,Hoppip,Planta,Voador,250,35,35,40,35,55,50,2,Falso
188,Skiploom,Planta,Voador,340,55,45,50,45,65,80,2,Falso
189,Jumpluff,Planta,Voador,460,75,55,70,55,95,110,2,Falso
190,Aipom,Normal,,360,55,70,55,40,55,85,2,Falso
191,Sunkern,Planta,,180,30,30,30,30,30,30,2,Falso
192,Sunflora,Planta,,425,75,75,55,105,85,30,2,Falso
193,Yanma,Inseto,Voador,390,65,65,45,75,45,95,2,Falso
194,Wooper,Água,Terra,210,55,45,45,25,25,15,2,Falso
195,Quagsire,Água,Terra,430,95,85,85,65,65,35,2,Falso
196,Espeon,Psíquico,,525,65,65,60,130,95,110,2,Falso
197,Umbreon,Sombrio,,525,95,65,110,60,130,65,2,Falso
198,Murkrow,Sombrio,Voador,405,60,85,42,85,42,91,2,Falso
199,Slowking,Água,Psíquico,490,95,75,80,100,110,30,2,Falso
200,Misdreavus,Fantasma,,435,60,60,60,85,85,85,2,Falso
201,Unown,Psíquico,,336,48,72,48,72,48,48,2,Falso
202,Wobbuffet,Psíquico,,405,190,33,58,33,58,33,2,Falso
203,Girafarig,Normal,Psíquico,455,70,80,65,90,65,85,2,Falso
204,Pineco,Inseto,,290,50,65,90,35,35,15,2,Falso
205,Forretress,Inseto,Aço,465,75,90,140,60,60,40,2,Falso
206,Dunsparce,Normal,,415,100,70,70,65,65,45,2,Falso
207,Gligar,Terra,Voador,430,65,75,105,35,65,85,2,Falso
208,Steelix,Aço,Terra,510,75,85,200,55,65,30,2,Falso
208,SteelixMega Steelix,Aço,Terra,610,75,125,230,55,95,30,2,Falso
209,Snubbull,Fada,,300,60,80,50,40,40,30,2,Falso
210,Granbull,Fada,,450,90,120,75,60,60,45,2,Falso
211,Qwilfish,Água,Veneno,430,65,95,75,55,55,85,2,Falso
212,Scizor,Inseto,Aço,500,70,130,100,55,80,65,2,Falso
212,ScizorMega Scizor,Inseto,Aço,600,70,150,140,65,100,75,2,Falso
213,Shuckle,Inseto,Pedra,505,20,10,230,10,230,5,2,Falso
214,Heracross,Inseto,Lutador,500,80,125,75,40,95,85,2,Falso
214,HeracrossMega Heracross,Inseto,Lutador,600,80,185,115,40,105,75,2,Falso
215,Sneasel,Sombrio,Gelo,430,55,95,55,35,75,115,2,Falso
216,Teddiursa,Normal,,330,60,80,50,50,50,40,2,Falso
217,Ursaring,Normal,,500,90,130,75,75,75,55,2,Falso
218,Slugma,Fogo,,250,40,40,40,70,40,20,2,Falso
219,Magcargo,Fogo,Pedra,410,50,50,120,80,80,30,2,Falso
220,Swinub,Gelo,Terra,250,50,50,40,30,30,50,2,Falso
221,Piloswine,Gelo,Terra,450,100,100,80,60,60,50,2,Falso
222,Corsola,Água,Pedra,380,55,55,85,65,85,35,2,Falso
223,Remoraid,Água,,300,35,65,35,65,35,65,2,Falso
224,Octillery,Água,,480,75,105,75,105,75,45,2,Falso
225,Delibird,Gelo,Voador,330,45,55,45,65,45,75,2,Falso
226,Mantine,Água,Voador,465,65,40,70,80,140,70,2,Falso
227,Skarmory,Aço,Voador,465,65,80,140,40,70,70,2,Falso
228,Houndour,Sombrio,Fogo,330,45,60,30,80,50,65,2,Falso
229,Houndoom,Sombrio,Fogo,500,75,90,50,110,80,95,2,Falso
229,HoundoomMega Houndoom,Sombrio,Fogo,600,75,90,90,140,90,115,2,Falso
230,Kingdra,Água,Dragão,540,75,95,95,95,95,85,2,Falso
231,Phanpy,Terra,,330,90,60,60,40,40,40,2,Falso
232,Donphan,Terra,,500,90,120,120,60,60,50,2,Falso
233,Porygon2,Normal,,515,85,80,90,105,95,60,2,Falso
234,Stantler,Normal,,465,73,95,62,85,65,85,2,Falso
235,Smeargle,Normal,,250,55,20,35,20,45,75,2,Falso
236,Tyrogue,Lutador,,210,35,35,35,35,35,35,2,Falso
237,Hitmontop,Lutador,,455,50,95,95,35,110,70,2,Falso
238,Smoochum,Gelo,Psíquico,305,45,30,15,85,65,65,2,Falso
239,Elekid,Elétrico,,360,45,63,37,65,55,95,2,Falso
240,Magby,Fogo,,365,45,75,37,70,55,83,2,Falso
241,Miltank,Normal,,490,95,80,105,40,70,100,2,Falso
242,Blissey,Normal,,540,255,10,10,75,135,55,2,Falso
243,Raikou,Elétrico,,580,90,85,75,115,100,115,2,Verdadeiro
244,Entei,Fogo,,580,115,115,85,90,75,100,2,Verdadeiro
245,Suicune,Água,,580,100,75,115,90,115,85,2,Verdadeiro
246,Larvitar,Pedra,Terra,300,50,64,50,45,50,41,2,Falso
247,Pupitar,Pedra,Terra,410,70,84,70,65,70,51,2,Falso
248,Tyranitar,Pedra,Sombrio,600,100,134,110,95,100,61,2,Falso
248,TyranitarMega Tyranitar,Pedra,Sombrio,700,100,164,150,95,120,71,2,Falso
249,Lugia,Psíquico,Voador,680,106,90,130,90,154,110,2,Verdadeiro
250,Ho-oh,Fogo,Voador,680,106,130,90,110,154,90,2,Verdadeiro
251,Celebi,Psíquico,Planta,600,100,100,100,100,100,100,2,Falso
252,Treecko,Planta,,310,40,45,35,65,55,70,3,Falso
253,Grovyle,Planta,,405,50,65,45,85,65,95,3,Falso
254,Sceptile,Planta,,530,70,85,65,105,85,120,3,Falso
254,SceptileMega Sceptile,Planta,Dragão,630,70,110,75,145,85,145,3,Falso
255,Torchic,Fogo,,310,45,60,40,70,50,45,3,Falso
256,Combusken,Fogo,Lutador,405,60,85,60,85,60,55,3,Falso
257,Blaziken,Fogo,Lutador,530,80,120,70,110,70,80,3,Falso
257,BlazikenMega Blaziken,Fogo,Lutador,630,80,160,80,130,80,100,3,Falso
258,Mudkip,Água,,310,50,70,50,50,50,40,3,Falso
259,Marshtomp,Água,Terra,405,70,85,70,60,70,50,3,Falso
260,Swampert,Água,Terra,535,100,110,90,85,90,60,3,Falso
260,SwampertMega Swampert,Água,Terra,635,100,150,110,95,110,70,3,Falso
261,Poochyena,Sombrio,,220,35,55,35,30,30,35,3,Falso
262,Mightyena,Sombrio,,420,70,90,70,60,60,70,3,Falso
263,Zigzagoon,Normal,,240,38,30,41,30,41,60,3,Falso
264,Linoone,Normal,,420,78,70,61,50,61,100,3,Falso
265,Wurmple,Inseto,,195,45,45,35,20,30,20,3,Falso
266,Silcoon,Inseto,,205,50,35,55,25,25,15,3,Falso
267,Beautifly,Inseto,Voador,395,60,70,50,100,50,65,3,Falso
268,Cascoon,Inseto,,205,50,35,55,25,25,15,3,Falso
269,Dustox,Inseto,Veneno,385,60,50,70,50,90,65,3,Falso
270,Lotad,Água,Planta,220,40,30,30,40,50,30,3,Falso
271,Lombre,Água,Planta,340,60,50,50,60,70,50,3,Falso
272,Ludicolo,Água,Planta,480,80,70,70,90,100,70,3,Falso
273,Seedot,Planta,,220,40,40,50,30,30,30,3,Falso
274,Nuzleaf,Planta,Sombrio,340,70,70,40,60,40,60,3,Falso
275,Shiftry,Planta,Sombrio,480,90,100,60,90,60,80,3,Falso
276,Taillow,Normal,Voador,270,40,55,30,30,30,85,3,Falso
277,Swellow,Normal,Voador,430,60,85,60,50,50,125,3,Falso
278,Wingull,Água,Voador,270,40,30,30,55,30,85,3,Falso
279,Pelipper,Água,Voador,430,60,50,100,85,70,65,3,Falso
280,Ralts,Psíquico,Fada,198,28,25,25,45,35,40,3,Falso
281,Kirlia,Psíquico,Fada,278,38,35,35,65,55,50,3,Falso
282,Gardevoir,Psíquico,Fada,518,68,65,65,125,115,80,3,Falso
282,GardevoirMega Gardevoir,Psíquico,Fada,618,68,85,65,165,135,100,3,Falso
283,Surskit,Inseto,Água,269,40,30,32,50,52,65,3,Falso
284,Masquerain,Inseto,Voador,414,70,60,62,80,82,60,3,Falso
285,Shroomish,Planta,,295,60,40,60,40,60,35,3,Falso
286,Breloom,Planta,Lutador,460,60,130,80,60,60,70,3,Falso
287,Slakoth,Normal,,280,60,60,60,35,35,30,3,Falso
288,Vigoroth,Normal,,440,80,80,80,55,55,90,3,Falso
289,Slaking,Normal,,670,150,160,100,95,65,100,3,Falso
290,Nincada,Inseto,Terra,266,31,45,90,30,30,40,3,Falso
291,Ninjask,Inseto,Voador,456,61,90,45,50,50,160,3,Falso
292,Shedinja,Inseto,Fantasma,236,1,90,45,30,30,40,3,Falso
293,Whismur,Normal,,240,64,51,23,51,23,28,3,Falso
294,Loudred,Normal,,360,84,71,43,71,43,48,3,Falso
295,Exploud,Normal,,490,104,91,63,91,73,68,3,Falso
296,Makuhita,Lutador,,237,72,60,30,20,30,25,3,Falso
297,Hariyama,Lutador,,474,144,120,60,40,60,50,3,Falso
298,Azurill,Normal,Fada,190,50,20,40,20,40,20,3,Falso
299,Nosepass,Pedra,,375,30,45,135,45,90,30,3,Falso
300,Skitty,Normal,,260,50,45,45,35,35,50,3,Falso
301,Delcatty,Normal,,380,70,65,65,55,55,70,3,Falso
302,Sableye,Sombrio,Fantasma,380,50,75,75,65,65,50,3,Falso
302,SableyeMega Sableye,Sombrio,Fantasma,480,50,85,125,85,115,20,3,Falso
303,Mawile,Aço,Fada,380,50,85,85,55,55,50,3,Falso
303,MawileMega Mawile,Aço,Fada,480,50,105,125,55,95,50,3,Falso
304,Aron,Aço,Pedra,330,50,70,100,40,40,30,3,Falso
305,Lairon,Aço,Pedra,430,60,90,140,50,50,40,3,Falso
306,Aggron,Aço,Pedra,530,70,110,180,60,60,50,3,Falso
306,AggronMega Aggron,Aço,,630,70,140,230,60,80,50,3,Falso
307,Meditite,Lutador,Psíquico,280,30,40,55,40,55,60,3,Falso
308,Medicham,Lutador,Psíquico,410,60,60,75,60,75,80,3,Falso
308,MedichamMega Medicham,Lutador,Psíquico,510,60,100,85,80,85,100,3,Falso
309,Electrike,Elétrico,,295,40,45,40,65,40,65,3,Falso
310,Manectric,Elétrico,,475,70,75,60,105,60,105,3,Falso
310,ManectricMega Manectric,Elétrico,,575,70,75,80,135,80,135,3,Falso
311,Plusle,Elétrico,,405,60,50,40,85,75,95,3,Falso
312,Minun,Elétrico,,405,60,40,50,75,85,95,3,Falso
313,Volbeat,Inseto,,400,65,73,55,47,75,85,3,Falso
314,Illumise,Inseto,,400,65,47,55,73,75,85,3,Falso
315,Roselia,Planta,Veneno,400,50,60,45,100,80,65,3,Falso
316,Gulpin,Veneno,,302,70,43,53,43,53,40,3,Falso
317,Swalot,Veneno,,467,100,73,83,73,83,55,3,Falso
318,Carvanha,Água,Sombrio,305,45,90,20,65,20,65,3,Falso
319,Sharpedo,Água,Sombrio,460,70,120,40,95,40,95,3,Falso
319,SharpedoMega Sharpedo,Água,Sombrio,560,70,140,70,110,65,105,3,Falso
320,Wailmer,Água,,400,130,70,35,70,35,60,3,Falso
321,Wailord,Água,,500,170,90,45,90,45,60,3,Falso
322,Numel,Fogo,Terra,305,60,60,40,65,45,35,3,Falso
323,Camerupt,Fogo,Terra,460,70,100,70,105,75,40,3,Falso
323,CameruptMega Camerupt,Fogo,Terra,560,70,120,100,145,105,20,3,Falso
324,Torkoal,Fogo,,470,70,85,140,85,70,20,3,Falso
325,Spoink,Psíquico,,330,60,25,35,70,80,60,3,Falso
326,Grumpig,Psíquico,,470,80,45,65,90,110,80,3,Falso
327,Spinda,Normal,,360,60,60,60,60,60,60,3,Falso
328,Trapinch,Terra,,290,45,100,45,45,45,10,3,Falso
329,Vibrava,Terra,Dragão,340,50,70,50,50,50,70,3,Falso
330,Flygon,Terra,Dragão,520,80,100,80,80,80,100,3,Falso
331,Cacnea,Planta,,335,50,85,40,85,40,35,3,Falso
332,Cacturne,Planta,Sombrio,475,70,115,60,115,60,55,3,Falso
333,Swablu,Normal,Voador,310,45,40,60,40,75,50,3,Falso
334,Altaria,Dragão,Voador,490,75,70,90,70,105,80,3,Falso
334,AltariaMega Altaria,Dragão,Fada,590,75,110,110,110,105,80,3,Falso
335,Zangoose,Normal,,458,73,115,60,60,60,90,3,Falso
336,Seviper,Veneno,,458,73,100,60,100,60,65,3,Falso
337,Lunatone,Pedra,Psíquico,440,70,55,65,95,85,70,3,Falso
338,Solrock,Pedra,Psíquico,440,70,95,85,55,65,70,3,Falso
339,Barboach,Água,Terra,288,50,48,43,46,41,60,3,Falso
340,Whiscash,Água,Terra,468,110,78,73,76,71,60,3,Falso
341,Corphish,Água,,308,43,80,65,50,35,35,3,Falso
342,Crawdaunt,Água,Sombrio,468,63,120,85,90,55,55,3,Falso
343,Baltoy,Terra,Psíquico,300,40,40,55,40,70,55,3,Falso
344,Claydol,Terra,Psíquico,500,60,70,105,70,120,75,3,Falso
345,Lileep,Pedra,Planta,355,66,41,77,61,87,23,3,Falso
346,Cradily,Pedra,Planta,495,86,81,97,81,107,43,3,Falso
347,Anorith,Pedra,Inseto,355,45,95,50,40,50,75,3,Falso
348,Armaldo,Pedra,Inseto,495,75,125,100,70,80,45,3,Falso
349,Feebas,Água,,200,20,15,20,10,55,80,3,Falso
350,Milotic,Água,,540,95,60,79,100,125,81,3,Falso
351,Castform,Normal,,420,70,70,70,70,70,70,3,Falso
352,Kecleon,Normal,,440,60,90,70,60,120,40,3,Falso
353,Shuppet,Fantasma,,295,44,75,35,63,33,45,3,Falso
354,Banette,Fantasma,,455,64,115,65,83,63,65,3,Falso
354,BanetteMega Banette,Fantasma,,555,64,165,75,93,83,75,3,Falso
355,Duskull,Fantasma,,295,20,40,90,30,90,25,3,Falso
356,Dusclops,Fantasma,,455,40,70,130,60,130,25,3,Falso
357,Tropius,Planta,Voador,460,99,68,83,72,87,51,3,Falso
358,Chimecho,Psíquico,,425,65,50,70,95,80,65,3,Falso
359,Absol,Sombrio,,465,65,130,60,75,60,75,3,Falso
359,AbsolMega Absol,Sombrio,,565,65,150,60,115,60,115,3,Falso
360,Wynaut,Psíquico,,260,95,23,48,23,48,23,3,Falso
361,Snorunt,Gelo,,300,50,50,50,50,50,50,3,Falso
362,Glalie,Gelo,,480,80,80,80,80,80,80,3,Falso
362,GlalieMega Glalie,Gelo,,580,80,120,80,120,80,100,3,Falso
363,Spheal,Gelo,Água,290,70,40,50,55,50,25,3,Falso
364,Sealeo,Gelo,Água,410,90,60,70,75,70,45,3,Falso
365,Walrein,Gelo,Água,530,110,80,90,95,90,65,3,Falso
366,Clamperl,Água,,345,35,64,85,74,55,32,3,Falso
367,Huntail,Água,,485,55,104,105,94,75,52,3,Falso
368,Gorebyss,Água,,485,55,84,105,114,75,52,3,Falso
369,Relicanth,Água,Pedra,485,100,90,130,45,65,55,3,Falso
370,Luvdisc,Água,,330,43,30,55,40,65,97,3,Falso
371,Bagon,Dragão,,300,45,75,60,40,30,50,3,Falso
372,Shelgon,Dragão,,420,65,95,100,60,50,50,3,Falso
373,Salamence,Dragão,Voador,600,95,135,80,110,80,100,3,Falso
373,SalamenceMega Salamence,Dragão,Voador,700,95,145,130,120,90,120,3,Falso
374,Beldum,Aço,Psíquico,300,40,55,80,35,60,30,3,Falso
375,Metang,Aço,Psíquico,420,60,75,100,55,80,50,3,Falso
376,Metagross,Aço,Psíquico,600,80,135,130,95,90,70,3,Falso
376,MetagrossMega Metagross,Aço,Psíquico,700,80,145,150,105,110,110,3,Falso
377,Regirock,Pedra,,580,80,100,200,50,100,50,3,Verdadeiro
378,Regice,Gelo,,580,80,50,100,100,200,50,3,Verdadeiro
379,Registeel,Aço,,580,80,75,150,75,150,50,3,Verdadeiro
380,Latias,Dragão,Psíquico,600,80,80,90,110,130,110,3,Verdadeiro
380,LatiasMega Latias,Dragão,Psíquico,700,80,100,120,140,150,110,3,Verdadeiro
381,Latios,Dragão,Psíquico,600,80,90,80,130,110,110,3,Verdadeiro
381,LatiosMega Latios,Dragão,Psíquico,700,80,130,100,160,120,110,3,Verdadeiro
382,Kyogre,Água,,670,100,100,90,150,140,90,3,Verdadeiro
382,KyogrePrimal Kyogre,Água,,770,100,150,90,180,160,90,3,Verdadeiro
383,Groudon,Terra,,670,100,150,140,100,90,90,3,Verdadeiro
383,GroudonPrimal Groudon,Terra,Fogo,770,100,180,160,150,90,90,3,Verdadeiro
384,Rayquaza,Dragão,Voador,680,105,150,90,150,90,95,3,Verdadeiro
384,RayquazaMega Rayquaza,Dragão,Voador,780,105,180,100,180,100,115,3,Verdadeiro
385,Jirachi,Aço,Psíquico,600,100,100,100,100,100,100,3,Verdadeiro
386,DeoxysNormal Forme,Psíquico,,600,50,150,50,150,50,150,3,Verdadeiro
386,DeoxysAttack Forme,Psíquico,,600,50,180,20,180,20,150,3,Verdadeiro
386,DeoxysDefense Forme,Psíquico,,600,50,70,160,70,160,90,3,Verdadeiro
386,DeoxysSpeed Forme,Psíquico,,600,50,95,90,95,90,180,3,Verdadeiro
387,Turtwig,Planta,,318,55,68,64,45,55,31,4,Falso
388,Grotle,Planta,,405,75,89,85,55,65,36,4,Falso
389,Torterra,Planta,Terra,525,95,109,105,75,85,56,4,Falso
390,Chimchar,Fogo,,309,44,58,44,58,44,61,4,Falso
391,Monferno,Fogo,Lutador,405,64,78,52,78,52,81,4,Falso
392,Infernape,Fogo,Lutador,534,76,104,71,104,71,108,4,Falso
393,Piplup,Água,,314,53,51,53,61,56,40,4,Falso
394,Prinplup,Água,,405,64,66,68,81,76,50,4,Falso
395,Empoleon,Água,Aço,530,84,86,88,111,101,60,4,Falso
396,Starly,Normal,Voador,245,40,55,30,30,30,60,4,Falso
397,Staravia,Normal,Voador,340,55,75,50,40,40,80,4,Falso
398,Staraptor,Normal,Voador,485,85,120,70,50,60,100,4,Falso
399,Bidoof,Normal,,250,59,45,40,35,40,31,4,Falso
400,Bibarel,Normal,Água,410,79,85,60,55,60,71,4,Falso
401,Kricketot,Inseto,,194,37,25,41,25,41,25,4,Falso
402,Kricketune,Inseto,,384,77,85,51,55,51,65,4,Falso
403,Shinx,Elétrico,,263,45,65,34,40,34,45,4,Falso
404,Luxio,Elétrico,,363,60,85,49,60,49,60,4,Falso
405,Luxray,Elétrico,,523,80,120,79,95,79,70,4,Falso
406,Budew,Planta,Veneno,280,40,30,35,50,70,55,4,Falso
407,Roserade,Planta,Veneno,515,60,70,65,125,105,90,4,Falso
408,Cranidos,Pedra,,350,67,125,40,30,30,58,4,Falso
409,Rampardos,Pedra,,495,97,165,60,65,50,58,4,Falso
410,Shieldon,Pedra,Aço,350,30,42,118,42,88,30,4,Falso
411,Bastiodon,Pedra,Aço,495,60,52,168,47,138,30,4,Falso
412,Burmy,Inseto,,224,40,29,45,29,45,36,4,Falso
413,WormadamPlant Cloak,Inseto,Planta,424,60,59,85,79,105,36,4,Falso
413,WormadamSandy Cloak,Inseto,Terra,424,60,79,105,59,85,36,4,Falso
413,WormadamTrash Cloak,Inseto,Aço,424,60,69,95,69,95,36,4,Falso
414,Mothim,Inseto,Voador,424,70,94,50,94,50,66,4,Falso
415,Combee,Inseto,Voador,244,30,30,42,30,42,70,4,Falso
416,Vespiquen,Inseto,Voador,474,70,80,102,80,102,40,4,Falso
417,Pachirisu,Elétrico,,405,60,45,70,45,90,95,4,Falso
418,Buizel,Água,,330,55,65,35,60,30,85,4,Falso
419,Floatzel,Água,,495,85,105,55,85,50,115,4,Falso
420,Cherubi,Planta,,275,45,35,45,62,53,35,4,Falso
421,Cherrim,Planta,,450,70,60,70,87,78,85,4,Falso
422,Shellos,Água,,325,76,48,48,57,62,34,4,Falso
423,Gastrodon,Água,Terra,475,111,83,68,92,82,39,4,Falso
424,Ambipom,Normal,,482,75,100,66,60,66,115,4,Falso
425,Drifloon,Fantasma,Voador,348,90,50,34,60,44,70,4,Falso
426,Drifblim,Fantasma,Voador,498,150,80,44,90,54,80,4,Falso
427,Buneary,Normal,,350,55,66,44,44,56,85,4,Falso
428,Lopunny,Normal,,480,65,76,84,54,96,105,4,Falso
428,LopunnyMega Lopunny,Normal,Lutador,580,65,136,94,54,96,135,4,Falso
429,Mismagius,Fantasma,,495,60,60,60,105,105,105,4,Falso
430,Honchkrow,Sombrio,Voador,505,100,125,52,105,52,71,4,Falso
431,Glameow,Normal,,310,49,55,42,42,37,85,4,Falso
432,Purugly,Normal,,452,71,82,64,64,59,112,4,Falso
433,Chingling,Psíquico,,285,45,30,50,65,50,45,4,Falso
434,Stunky,Veneno,Sombrio,329,63,63,47,41,41,74,4,Falso
435,Skuntank,Veneno,Sombrio,479,103,93,67,71,61,84,4,Falso
436,Bronzor,Aço,Psíquico,300,57,24,86,24,86,23,4,Falso
437,Bronzong,Aço,Psíquico,500,67,89,116,79,116,33,4,Falso
438,Bonsly,Pedra,,290,50,80,95,10,45,10,4,Falso
439,Mime Jr.,Psíquico,Fada,310,20,25,45,70,90,60,4,Falso
440,Happiny,Normal,,220,100,5,5,15,65,30,4,Falso
441,Chatot,Normal,Voador,411,76,65,45,92,42,91,4,Falso
442,Spiritomb,Fantasma,Sombrio,485,50,92,108,92,108,35,4,Falso
443,Gible,Dragão,Terra,300,58,70,45,40,45,42,4,Falso
444,Gabite,Dragão,Terra,410,68,90,65,50,55,82,4,Falso
445,Garchomp,Dragão,Terra,600,108,130,95,80,85,102,4,Falso
445,GarchompMega Garchomp,Dragão,Terra,700,108,170,115,120,95,92,4,Falso
446,Munchlax,Normal,,390,135,85,40,40,85,5,4,Falso
447,Riolu,Lutador,,285,40,70,40,35,40,60,4,Falso
448,Lucario,Lutador,Aço,525,70,110,70,115,70,90,4,Falso
448,LucarioMega Lucario,Lutador,Aço,625,70,145,88,140,70,112,4,Falso
449,Hippopotas,Terra,,330,68,72,78,38,42,32,4,Falso
450,Hippowdon,Terra,,525,108,112,118,68,72,47,4,Falso
451,Skorupi,Veneno,Inseto,330,40,50,90,30,55,65,4,Falso
452,Drapion,Veneno,Sombrio,500,70,90,110,60,75,95,4,Falso
453,Croagunk,Veneno,Lutador,300,48,61,40,61,40,50,4,Falso
454,Toxicroak,Veneno,Lutador,490,83,106,65,86,65,85,4,Falso
455,Carnivine,Planta,,454,74,100,72,90,72,46,4,Falso
456,Finneon,Água,,330,49,49,56,49,61,66,4,Falso
457,Lumineon,Água,,460,69,69,76,69,86,91,4,Falso
458,Mantyke,Água,Voador,345,45,20,50,60,120,50,4,Falso
459,Snover,Planta,Gelo,334,60,62,50,62,60,40,4,Falso
460,Abomasnow,Planta,Gelo,494,90,92,75,92,85,60,4,Falso
460,AbomasnowMega Abomasnow,Planta,Gelo,594,90,132,105,132,105,30,4,Falso
461,Weavile,Sombrio,Gelo,510,70,120,65,45,85,125,4,Falso
462,Magnezone,Elétrico,Aço,535,70,70,115,130,90,60,4,Falso
463,Lickilicky,Normal,,515,110,85,95,80,95,50,4,Falso
464,Rhyperior,Terra,Pedra,535,115,140,130,55,55,40,4,Falso
465,Tangrowth,Planta,,535,100,100,125,110,50,50,4,Falso
466,Electivire,Elétrico,,540,75,123,67,95,85,95,4,Falso
467,Magmortar,Fogo,,540,75,95,67,125,95,83,4,Falso
468,Togekiss,Fada,Voador,545,85,50,95,120,115,80,4,Falso
469,Yanmega,Inseto,Voador,515,86,76,86,116,56,95,4,Falso
470,Leafeon,Planta,,525,65,110,130,60,65,95,4,Falso
471,Glaceon,Gelo,,525,65,60,110,130,95,65,4,Falso
472,Gliscor,Terra,Voador,510,75,95,125,45,75,95,4,Falso
473,Mamoswine,Gelo,Terra,530,110,130,80,70,60,80,4,Falso
474,Porygon-Z,Normal,,535,85,80,70,135,75,90,4,Falso
475,Gallade,Psíquico,Lutador,518,68,125,65,65,115,80,4,Falso
475,GalladeMega Gallade,Psíquico,Lutador,618,68,165,95,65,115,110,4,Falso
476,Probopass,Pedra,Aço,525,60,55,145,75,150,40,4,Falso
477,Dusknoir,Fantasma,,525,45,100,135,65,135,45,4,Falso
478,Froslass,Gelo,Fantasma,480,70,80,70,80,70,110,4,Falso
479,Rotom,Elétrico,Fantasma,440,50,50,77,95,77,91,4,Falso
479,RotomHeat Rotom,Elétrico,Fogo,520,50,65,107,105,107,86,4,Falso
479,RotomWash Rotom,Elétrico,Água,520,50,65,107,105,107,86,4,Falso
479,RotomFrost Rotom,Elétrico,Gelo,520,50,65,107,105,107,86,4,Falso
479,RotomFan Rotom,Elétrico,Voador,520,50,65,107,105,107,86,4,Falso
479,RotomMow Rotom,Elétrico,Planta,520,50,65,107,105,107,86,4,Falso
480,Uxie,Psíquico,,580,75,75,130,75,130,95,4,Verdadeiro
481,Mesprit,Psíquico,,580,80,105,105,105,105,80,4,Verdadeiro
482,Azelf,Psíquico,,580,75,125,70,125,70,115,4,Verdadeiro
483,Dialga,Aço,Dragão,680,100,120,120,150,100,90,4,Verdadeiro
484,Palkia,Água,Dragão,680,90,120,100,150,120,100,4,Verdadeiro
485,Heatran,Fogo,Aço,600,91,90,106,130,106,77,4,Verdadeiro
486,Regigigas,Normal,,670,110,160,110,80,110,100,4,Verdadeiro
487,GiratinaAltered Forme,Fantasma,Dragão,680,150,100,120,100,120,90,4,Verdadeiro
487,GiratinaOrigin Forme,Fantasma,Dragão,680,150,120,100,120,100,90,4,Verdadeiro
488,Cresselia,Psíquico,,600,120,70,120,75,130,85,4,Falso
489,Phione,Água,,480,80,80,80,80,80,80,4,Falso
490,Manaphy,Água,,600,100,100,100,100,100,100,4,Falso
491,Darkrai,Sombrio,,600,70,90,90,135,90,125,4,Verdadeiro
492,ShayminLand Forme,Planta,,600,100,100,100,100,100,100,4,Verdadeiro
492,ShayminSky Forme,Planta,Voador,600,100,103,75,120,75,127,4,Verdadeiro
493,Arceus,Normal,,720,120,120,120,120,120,120,4,Verdadeiro
494,Victini,Psíquico,Fogo,600,100,100,100,100,100,100,5,Verdadeiro
495,Snivy,Planta,,308,45,45,55,45,55,63,5,Falso
496,Servine,Planta,,413,60,60,75,60,75,83,5,Falso
497,Serperior,Planta,,528,75,75,95,75,95,113,5,Falso
498,Tepig,Fogo,,308,65,63,45,45,45,45,5,Falso
499,Pignite,Fogo,Lutador,418,90,93,55,70,55,55,5,Falso
500,Emboar,Fogo,Lutador,528,110,123,65,100,65,65,5,Falso
501,Oshawott,Água,,308,55,55,45,63,45,45,5,Falso
502,Dewott,Água,,413,75,75,60,83,60,60,5,Falso
503,Samurott,Água,,528,95,100,85,108,70,70,5,Falso
504,Patrat,Normal,,255,45,55,39,35,39,42,5,Falso
505,Watchog,Normal,,420,60,85,69,60,69,77,5,Falso
506,Lillipup,Normal,,275,45,60,45,25,45,55,5,Falso
507,Herdier,Normal,,370,65,80,65,35,65,60,5,Falso
508,Stoutland,Normal,,500,85,110,90,45,90,80,5,Falso
509,Purrloin,Sombrio,,281,41,50,37,50,37,66,5,Falso
510,Liepard,Sombrio,,446,64,88,50,88,50,106,5,Falso
511,Pansage,Planta,,316,50,53,48,53,48,64,5,Falso
512,Simisage,Planta,,498,75,98,63,98,63,101,5,Falso
513,Pansear,Fogo,,316,50,53,48,53,48,64,5,Falso
514,Simisear,Fogo,,498,75,98,63,98,63,101,5,Falso
515,Panpour,Água,,316,50,53,48,53,48,64,5,Falso
516,Simipour,Água,,498,75,98,63,98,63,101,5,Falso
517,Munna,Psíquico,,292,76,25,45,67,55,24,5,Falso
518,Musharna,Psíquico,,487,116,55,85,107,95,29,5,Falso
519,Pidove,Normal,Voador,264,50,55,50,36,30,43,5,Falso
520,Tranquill,Normal,Voador,358,62,77,62,50,42,65,5,Falso
521,Unfezant,Normal,Voador,488,80,115,80,65,55,93,5,Falso
522,Blitzle,Elétrico,,295,45,60,32,50,32,76,5,Falso
523,Zebstrika,Elétrico,,497,75,100,63,80,63,116,5,Falso
524,Roggenrola,Pedra,,280,55,75,85,25,25,15,5,Falso
525,Boldore,Pedra,,390,70,105,105,50,40,20,5,Falso
526,Gigalith,Pedra,,515,85,135,130,60,80,25,5,Falso
527,Woobat,Psíquico,Voador,313,55,45,43,55,43,72,5,Falso
528,Swoobat,Psíquico,Voador,425,67,57,55,77,55,114,5,Falso
529,Drilbur,Terra,,328,60,85,40,30,45,68,5,Falso
530,Excadrill,Terra,Aço,508,110,135,60,50,65,88,5,Falso
531,Audino,Normal,,445,103,60,86,60,86,50,5,Falso
531,AudinoMega Audino,Normal,Fada,545,103,60,126,80,126,50,5,Falso
532,Timburr,Lutador,,305,75,80,55,25,35,35,5,Falso
533,Gurdurr,Lutador,,405,85,105,85,40,50,40,5,Falso
534,Conkeldurr,Lutador,,505,105,140,95,55,65,45,5,Falso
535,Tympole,Água,,294,50,50,40,50,40,64,5,Falso
536,Palpitoad,Água,Terra,384,75,65,55,65,55,69,5,Falso
537,Seismitoad,Água,Terra,509,105,95,75,85,75,74,5,Falso
538,Throh,Lutador,,465,120,100,85,30,85,45,5,Falso
539,Sawk,Lutador,,465,75,125,75,30,75,85,5,Falso
540,Sewaddle,Inseto,Planta,310,45,53,70,40,60,42,5,Falso
541,Swadloon,Inseto,Planta,380,55,63,90,50,80,42,5,Falso
542,Leavanny,Inseto,Planta,500,75,103,80,70,80,92,5,Falso
543,Venipede,Inseto,Veneno,260,30,45,59,30,39,57,5,Falso
544,Whirlipede,Inseto,Veneno,360,40,55,99,40,79,47,5,Falso
545,Scolipede,Inseto,Veneno,485,60,100,89,55,69,112,5,Falso
546,Cottonee,Planta,Fada,280,40,27,60,37,50,66,5,Falso
547,Whimsicott,Planta,Fada,480,60,67,85,77,75,116,5,Falso
548,Petilil,Planta,,280,45,35,50,70,50,30,5,Falso
549,Lilligant,Planta,,480,70,60,75,110,75,90,5,Falso
550,Basculin,Água,,460,70,92,65,80,55,98,5,Falso
551,Sandile,Terra,Sombrio,292,50,72,35,35,35,65,5,Falso
552,Krokorok,Terra,Sombrio,351,60,82,45,45,45,74,5,Falso
553,Krookodile,Terra,Sombrio,519,95,117,80,65,70,92,5,Falso
554,Darumaka,Fogo,,315,70,90,45,15,45,50,5,Falso
555,DarmanitanStandard Mode,Fogo,,480,105,140,55,30,55,95,5,Falso
555,DarmanitanZen Mode,Fogo,Psíquico,540,105,30,105,140,105,55,5,Falso
556,Maractus,Planta,,461,75,86,67,106,67,60,5,Falso
557,Dwebble,Inseto,Pedra,325,50,65,85,35,35,55,5,Falso
558,Crustle,Inseto,Pedra,475,70,95,125,65,75,45,5,Falso
559,Scraggy,Sombrio,Lutador,348,50,75,70,35,70,48,5,Falso
560,Scrafty,Sombrio,Lutador,488,65,90,115,45,115,58,5,Falso
561,Sigilyph,Psíquico,Voador,490,72,58,80,103,80,97,5,Falso
562,Yamask,Fantasma,,303,38,30,85,55,65,30,5,Falso
563,Cofagrigus,Fantasma,,483,58,50,145,95,105,30,5,Falso
564,Tirtouga,Água,Pedra,355,54,78,103,53,45,22,5,Falso
565,Carracosta,Água,Pedra,495,74,108,133,83,65,32,5,Falso
566,Archen,Pedra,Voador,401,55,112,45,74,45,70,5,Falso
567,Archeops,Pedra,Voador,567,75,140,65,112,65,110,5,Falso
568,Trubbish,Veneno,,329,50,50,62,40,62,65,5,Falso
569,Garbodor,Veneno,,474,80,95,82,60,82,75,5,Falso
570,Zorua,Sombrio,,330,40,65,40,80,40,65,5,Falso
571,Zoroark,Sombrio,,510,60,105,60,120,60,105,5,Falso
572,Minccino,Normal,,300,55,50,40,40,40,75,5,Falso
573,Cinccino,Normal,,470,75,95,60,65,60,115,5,Falso
574,Gothita,Psíquico,,290,45,30,50,55,65,45,5,Falso
575,Gothorita,Psíquico,,390,60,45,70,75,85,55,5,Falso
576,Gothitelle,Psíquico,,490,70,55,95,95,110,65,5,Falso
577,Solosis,Psíquico,,290,45,30,40,105,50,20,5,Falso
578,Duosion,Psíquico,,370,65,40,50,125,60,30,5,Falso
579,Reuniclus,Psíquico,,490,110,65,75,125,85,30,5,Falso
580,Ducklett,Água,Voador,305,62,44,50,44,50,55,5,Falso
581,Swanna,Água,Voador,473,75,87,63,87,63,98,5,Falso
582,Vanillite,Gelo,,305,36,50,50,65,60,44,5,Falso
583,Vanillish,Gelo,,395,51,65,65,80,75,59,5,Falso
584,Vanilluxe,Gelo,,535,71,95,85,110,95,79,5,Falso
585,Deerling,Normal,Planta,335,60,60,50,40,50,75,5,Falso
586,Sawsbuck,Normal,Planta,475,80,100,70,60,70,95,5,Falso
587,Emolga,Elétrico,Voador,428,55,75,60,75,60,103,5,Falso
588,Karrablast,Inseto,,315,50,75,45,40,45,60,5,Falso
589,Escavalier,Inseto,Aço,495,70,135,105,60,105,20,5,Falso
590,Foongus,Planta,Veneno,294,69,55,45,55,55,15,5,Falso
591,Amoonguss,Planta,Veneno,464,114,85,70,85,80,30,5,Falso
592,Frillish,Água,Fantasma,335,55,40,50,65,85,40,5,Falso
593,Jellicent,Água,Fantasma,480,100,60,70,85,105,60,5,Falso
594,Alomomola,Água,,470,165,75,80,40,45,65,5,Falso
595,Joltik,Inseto,Elétrico,319,50,47,50,57,50,65,5,Falso
596,Galvantula,Inseto,Elétrico,472,70,77,60,97,60,108,5,Falso
597,Ferroseed,Planta,Aço,305,44,50,91,24,86,10,5,Falso
598,Ferrothorn,Planta,Aço,489,74,94,131,54,116,20,5,Falso
599,Klink,Aço,,300,40,55,70,45,60,30,5,Falso
600,Klang,Aço,,440,60,80,95,70,85,50,5,Falso
601,Klinklang,Aço,,520,60,100,115,70,85,90,5,Falso
602,Tynamo,Elétrico,,275,35,55,40,45,40,60,5,Falso
603,Eelektrik,Elétrico,,405,65,85,70,75,70,40,5,Falso
604,Eelektross,Elétrico,,515,85,115,80,105,80,50,5,Falso
605,Elgyem,Psíquico,,335,55,55,55,85,55,30,5,Falso
606,Beheeyem,Psíquico,,485,75,75,75,125,95,40,5,Falso
607,Litwick,Fantasma,Fogo,275,50,30,55,65,55,20,5,Falso
608,Lampent,Fantasma,Fogo,370,60,40,60,95,60,55,5,Falso
609,Chandelure,Fantasma,Fogo,520,60,55,90,145,90,80,5,Falso
610,Axew,Dragão,,320,46,87,60,30,40,57,5,Falso
611,Fraxure,Dragão,,410,66,117,70,40,50,67,5,Falso
612,Haxorus,Dragão,,540,76,147,90,60,70,97,5,Falso
613,Cubchoo,Gelo,,305,55,70,40,60,40,40,5,Falso
614,Beartic,Gelo,,485,95,110,80,70,80,50,5,Falso
615,Cryogonal,Gelo,,485,70,50,30,95,135,105,5,Falso
616,Shelmet,Inseto,,305,50,40,85,40,65,25,5,Falso
617,Accelgor,Inseto,,495,80,70,40,100,60,145,5,Falso
618,Stunfisk,Terra,Elétrico,471,109,66,84,81,99,32,5,Falso
619,Mienfoo,Lutador,,350,45,85,50,55,50,65,5,Falso
620,Mienshao,Lutador,,510,65,125,60,95,60,105,5,Falso
621,Druddigon,Dragão,,485,77,120,90,60,90,48,5,Falso
622,Golett,Terra,Fantasma,303,59,74,50,35,50,35,5,Falso
623,Golurk,Terra,Fantasma,483,89,124,80,55,80,55,5,Falso
624,Pawniard,Sombrio,Aço,340,45,85,70,40,40,60,5,Falso
625,Bisharp,Sombrio,Aço,490,65,125,100,60,70,70,5,Falso
626,Bouffalant,Normal,,490,95,110,95,40,95,55,5,Falso
627,Rufflet,Normal,Voador,350,70,83,50,37,50,60,5,Falso
628,Braviary,Normal,Voador,510,100,123,75,57,75,80,5,Falso
629,Vullaby,Sombrio,Voador,370,70,55,75,45,65,60,5,Falso
630,Mandibuzz,Sombrio,Voador,510,110,65,105,55,95,80,5,Falso
631,Heatmor,Fogo,,484,85,97,66,105,66,65,5,Falso
632,Durant,Inseto,Aço,484,58,109,112,48,48,109,5,Falso
633,Deino,Sombrio,Dragão,300,52,65,50,45,50,38,5,Falso
634,Zweilous,Sombrio,Dragão,420,72,85,70,65,70,58,5,Falso
635,Hydreigon,Sombrio,Dragão,600,92,105,90,125,90,98,5,Falso
636,Larvesta,Inseto,Fogo,360,55,85,55,50,55,60,5,Falso
637,Volcarona,Inseto,Fogo,550,85,60,65,135,105,100,5,Falso
638,Cobalion,Aço,Lutador,580,91,90,129,90,72,108,5,Verdadeiro
639,Terrakion,Pedra,Lutador,580,91,129,90,72,90,108,5,Verdadeiro
640,Virizion,Planta,Lutador,580,91,90,72,90,129,108,5,Verdadeiro
641,TornadusIncarnate Forme,Voador,,580,79,115,70,125,80,111,5,Verdadeiro
641,TornadusTherian Forme,Voador,,580,79,100,80,110,90,121,5,Verdadeiro
642,ThundurusIncarnate Forme,Elétrico,Voador,580,79,115,70,125,80,111,5,Verdadeiro
642,ThundurusTherian Forme,Elétrico,Voador,580,79,105,70,145,80,101,5,Verdadeiro
643,Reshiram,Dragão,Fogo,680,100,120,100,150,120,90,5,Verdadeiro
644,Zekrom,Dragão,Elétrico,680,100,150,120,120,100,90,5,Verdadeiro
645,LandorusIncarnate Forme,Terra,Voador,600,89,125,90,115,80,101,5,Verdadeiro
645,LandorusTherian Forme,Terra,Voador,600,89,145,90,105,80,91,5,Verdadeiro
646,Kyurem,Dragão,Gelo,660,125,130,90,130,90,95,5,Verdadeiro
646,KyuremBlack Kyurem,Dragão,Gelo,700,125,170,100,120,90,95,5,Verdadeiro
646,KyuremWhite Kyurem,Dragão,Gelo,700,125,120,90,170,100,95,5,Verdadeiro
647,KeldeoOrdinary Forme,Água,Lutador,580,91,72,90,129,90,108,5,Falso
647,KeldeoResolute Forme,Água,Lutador,580,91,72,90,129,90,108,5,Falso
648,MeloettaAria Forme,Normal,Psíquico,600,100,77,77,128,128,90,5,Falso
648,MeloettaPirouette Forme,Normal,Lutador,600,100,128,90,77,77,128,5,Falso
649,Genesect,Inseto,Aço,600,71,120,95,120,95,99,5,Falso
650,Chespin,Planta,,313,56,61,65,48,45,38,6,Falso
651,Quilladin,Planta,,405,61,78,95,56,58,57,6,Falso
652,Chesnaught,Planta,Lutador,530,88,107,122,74,75,64,6,Falso
653,Fennekin,Fogo,,307,40,45,40,62,60,60,6,Falso
654,Braixen,Fogo,,409,59,59,58,90,70,73,6,Falso
655,Delphox,Fogo,Psíquico,534,75,69,72,114,100,104,6,Falso
656,Froakie,Água,,314,41,56,40,62,44,71,6,Falso
657,Frogadier,Água,,405,54,63,52,83,56,97,6,Falso
658,Greninja,Água,Sombrio,530,72,95,67,103,71,122,6,Falso
659,Bunnelby,Normal,,237,38,36,38,32,36,57,6,Falso
660,Diggersby,Normal,Terra,423,85,56,77,50,77,78,6,Falso
661,Fletchling,Normal,Voador,278,45,50,43,40,38,62,6,Falso
662,Fletchinder,Fogo,Voador,382,62,73,55,56,52,84,6,Falso
663,Talonflame,Fogo,Voador,499,78,81,71,74,69,126,6,Falso
664,Scatterbug,Inseto,,200,38,35,40,27,25,35,6,Falso
665,Spewpa,Inseto,,213,45,22,60,27,30,29,6,Falso
666,Vivillon,Inseto,Voador,411,80,52,50,90,50,89,6,Falso
667,Litleo,Fogo,Normal,369,62,50,58,73,54,72,6,Falso
668,Pyroar,Fogo,Normal,507,86,68,72,109,66,106,6,Falso
669,Flabébé,Fada,,303,44,38,39,61,79,42,6,Falso
670,Floette,Fada,,371,54,45,47,75,98,52,6,Falso
671,Florges,Fada,,552,78,65,68,112,154,75,6,Falso
672,Skiddo,Planta,,350,66,65,48,62,57,52,6,Falso
673,Gogoat,Planta,,531,123,100,62,97,81,68,6,Falso
674,Pancham,Lutador,,348,67,82,62,46,48,43,6,Falso
675,Pangoro,Lutador,Sombrio,495,95,124,78,69,71,58,6,Falso
676,Furfrou,Normal,,472,75,80,60,65,90,102,6,Falso
677,Espurr,Psíquico,,355,62,48,54,63,60,68,6,Falso
678,MeowsticMale,Psíquico,,466,74,48,76,83,81,104,6,Falso
678,MeowsticFemale,Psíquico,,466,74,48,76,83,81,104,6,Falso
679,Honedge,Aço,Fantasma,325,45,80,100,35,37,28,6,Falso
680,Doublade,Aço,Fantasma,448,59,110,150,45,49,35,6,Falso
681,AegislashBlade Forme,Aço,Fantasma,520,60,150,50,150,50,60,6,Falso
681,AegislashShield Forme,Aço,Fantasma,520,60,50,150,50,150,60,6,Falso
682,Spritzee,Fada,,341,78,52,60,63,65,23,6,Falso
683,Aromatisse,Fada,,462,101,72,72,99,89,29,6,Falso
684,Swirlix,Fada,,341,62,48,66,59,57,49,6,Falso
685,Slurpuff,Fada,,480,82,80,86,85,75,72,6,Falso
686,Inkay,Sombrio,Psíquico,288,53,54,53,37,46,45,6,Falso
687,Malamar,Sombrio,Psíquico,482,86,92,88,68,75,73,6,Falso
688,Binacle,Pedra,Água,306,42,52,67,39,56,50,6,Falso
689,Barbaracle,Pedra,Água,500,72,105,115,54,86,68,6,Falso
690,Skrelp,Veneno,Água,320,50,60,60,60,60,30,6,Falso
691,Dragalge,Veneno,Dragão,494,65,75,90,97,123,44,6,Falso
692,Clauncher,Água,,330,50,53,62,58,63,44,6,Falso
693,Clawitzer,Água,,500,71,73,88,120,89,59,6,Falso
694,Helioptile,Elétrico,Normal,289,44,38,33,61,43,70,6,Falso
695,Heliolisk,Elétrico,Normal,481,62,55,52,109,94,109,6,Falso
696,Tyrunt,Pedra,Dragão,362,58,89,77,45,45,48,6,Falso
697,Tyrantrum,Pedra,Dragão,521,82,121,119,69,59,71,6,Falso
698,Amaura,Pedra,Gelo,362,77,59,50,67,63,46,6,Falso
699,Aurorus,Pedra,Gelo,521,123,77,72,99,92,58,6,Falso
700,Sylveon,Fada,,525,95,65,65,110,130,60,6,Falso
701,Hawlucha,Lutador,Voador,500,78,92,75,74,63,118,6,Falso
702,Dedenne,Elétrico,Fada,431,67,58,57,81,67,101,6,Falso
703,Carbink,Pedra,Fada,500,50,50,150,50,150,50,6,Falso
704,Goomy,Dragão,,300,45,50,35,55,75,40,6,Falso
705,Sliggoo,Dragão,,452,68,75,53,83,113,60,6,Falso
706,Goodra,Dragão,,600,90,100,70,110,150,80,6,Falso
707,Klefki,Aço,Fada,470,57,80,91,80,87,75,6,Falso
708,Phantump,Fantasma,Planta,309,43,70,48,50,60,38,6,Falso
709,Trevenant,Fantasma,Planta,474,85,110,76,65,82,56,6,Falso
710,PumpkabooAverage Size,Fantasma,Planta,335,49,66,70,44,55,51,6,Falso
710,PumpkabooSmall Size,Fantasma,Planta,335,44,66,70,44,55,56,6,Falso
710,PumpkabooLarge Size,Fantasma,Planta,335,54,66,70,44,55,46,6,Falso
710,PumpkabooSuper Size,Fantasma,Planta,335,59,66,70,44,55,41,6,Falso
711,GourgeistAverage Size,Fantasma,Planta,494,65,90,122,58,75,84,6,Falso
711,GourgeistSmall Size,Fantasma,Planta,494,55,85,122,58,75,99,6,Falso
711,GourgeistLarge Size,Fantasma,Planta,494,75,95,122,58,75,69,6,Falso
711,GourgeistSuper Size,Fantasma,Planta,494,85,100,122,58,75,54,6,Falso
712,Bergmite,Gelo,,304,55,69,85,32,35,28,6,Falso
713,Avalugg,Gelo,,514,95,117,184,44,46,28,6,Falso
714,Noibat,Voador,Dragão,245,40,30,35,45,40,55,6,Falso
715,Noivern,Voador,Dragão,535,85,70,80,97,80,123,6,Falso
716,Xerneas,Fada,,680,126,131,95,131,98,99,6,Verdadeiro
717,Yveltal,Sombrio,Voador,680,126,131,95,131,98,99,6,Verdadeiro
718,Zygarde50% Forme,Dragão,Terra,600,108,100,121,81,95,95,6,Verdadeiro
719,Diancie,Pedra,Fada,600,50,100,150,100,150,50,6,Verdadeiro
719,DiancieMega Diancie,Pedra,Fada,700,50,160,110,160,110,110,6,Verdadeiro
720,HoopaHoopa Confined,Psíquico,Fantasma,600,80,110,60,150,130,70,6,Verdadeiro
720,HoopaHoopa Unbound,Psíquico,Sombrio,680,80,160,60,170,130,80,6,Verdadeiro
721,Volcanion,Fogo,Água,600,80,110,120,130,90,70,6,Verdadeiro

